repo,verdict,match_ratio,type_ratio,n_gt,phantoms,missed,type_errors,path_ambiguities,has_compose,has_compose_build,selected_compose,port_verifiable,port_ok,entry_verifiable,entry_ok
AI-Gov-Content-Curator,mostly_correct,0.5000,1.0000,8,0,4,0,0,1,1,docker-compose.yml,4,4,1,0
AI-RAG-Assistant-Chatbot,correct,1.0000,1.0000,3,0,0,0,0,1,1,docker-compose.yml,2,2,1,1
Aamir017_mern-docker-compose,correct,1.0000,1.0000,2,0,0,0,0,1,1,docker-compose.yaml,2,2,0,0
AbhayShaw0125_MERN-Docker-Compose,correct,1.0000,1.0000,2,0,0,0,0,1,1,docker-compose.yaml,2,2,1,0
Abhinav-Rawat_MERN-docker-compose,correct,1.0000,1.0000,2,0,0,0,0,1,1,MERN-docker-compose/docker-compose.yaml,2,2,0,0
Ahmad-sheikh1_real-time-collaborative-document-editing-system,correct,1.0000,1.0000,2,0,0,0,0,1,1,docker-compose.yml,2,2,1,1
Ahmed-Qaoud_mern2-docker-compose,correct,1.0000,1.0000,2,0,0,0,0,1,1,docker-compose.yml,2,1,1,1
AlbertArakelyan_post-ef,correct,1.0000,1.0000,2,0,0,0,0,1,1,docker-compose.yml,2,2,1,1
Alexander777kr_docker-compose-mern,correct,1.0000,1.0000,2,0,0,0,0,1,1,docker-compose.yaml,2,1,1,0
Amanudeen_MERN-docker-compose,correct,1.0000,1.0000,2,0,0,0,0,1,1,docker-compose.yaml,2,2,0,0
Arju872_MERN-DOCKER-COMPOSE,correct,1.0000,1.0000,2,0,0,0,0,1,1,docker-compose.yaml,2,2,0,0
Ashishwakde26_Mern_docker_compose,correct,1.0000,1.0000,2,0,0,0,0,1,0,,0,0,1,1
BLemine_medium-article-dockerize-mern-app,correct,1.0000,1.0000,2,0,0,0,0,1,1,docker-compose.yml,2,2,1,1
BartekStolarek_MERN-Starter,correct,1.0000,1.0000,2,0,0,0,0,1,1,docker-compose.yml,2,2,1,1
BharathBR1_Dockerized-MERN-Todo-App,correct,1.0000,1.0000,2,0,0,0,0,1,0,,0,0,1,1
Bharathsimhareddy220_MERN-docker-compose,correct,1.0000,1.0000,2,0,0,0,0,1,1,docker-compose.yaml,2,2,0,0
BuddyBudget,correct,1.0000,1.0000,2,0,0,0,0,1,1,docker-compose.yaml,1,0,1,1
CRUD-react-node,correct,1.0000,1.0000,2,0,0,0,0,1,0,,0,0,1,1
CalendarApi-GUI-Expressjs-React,correct,1.0000,1.0000,2,0,0,0,0,1,1,docker-compose.yaml,2,2,1,1
Car-React-Node-Project,wrong,0.0000,1.0000,1,1,1,0,0,1,1,docker-compose.yml,0,0,0,0
Castelvill_mern-docker-compose,correct,1.0000,1.0000,2,0,0,0,0,1,0,,0,0,1,1
ChethanRaj13_MERN-Docker-compose,correct,1.0000,1.0000,2,0,0,0,0,1,1,docker-compose.yaml,2,2,1,0
Clinic,correct,1.0000,1.0000,2,0,0,0,0,1,0,,0,0,1,1
CrudNatorAPI,correct,1.0000,1.0000,1,0,0,0,0,0,0,,0,0,1,0
DEVP1209_DockerCompose-MERN,correct,1.0000,1.0000,2,0,0,0,0,1,0,,0,0,1,1
DSDmark_SimpleCURD,correct,1.0000,1.0000,2,0,0,0,0,1,1,docker-compose.yml,0,0,1,1
DTan13_MERN-Docker-boilerplate,correct,1.0000,1.0000,2,0,0,0,0,1,1,docker-compose.yml,1,1,1,1
DarrylNnon_MERN-docker-compose-pro,correct,1.0000,1.0000,2,0,0,0,0,1,1,docker-compose.yaml,2,2,0,0
Deepthi-123456789_MERN-docker-compose,correct,1.0000,1.0000,2,0,0,0,0,1,1,docker-compose.yaml,2,2,0,0
Devansh-365_ceddit,correct,1.0000,1.0000,2,0,0,0,0,1,1,docker-compose.yml,2,2,1,1
DharshiBalasubramaniyam_mytodo,correct,1.0000,1.0000,5,0,0,0,0,1,1,docker-compose.yml,5,4,4,4
DhayanidhiKB_MERNStack-DockerCompose,correct,1.0000,1.0000,2,0,0,0,0,1,1,docker-compose.yaml,2,2,0,0
Docker-Node-and-React,correct,1.0000,1.0000,2,0,0,0,0,0,0,,0,0,0,0
DockerNodeReactTest,correct,1.0000,1.0000,1,0,0,0,0,1,0,,0,0,1,1
DockerNodejsReact,correct,1.0000,1.0000,1,0,0,0,0,1,0,,0,0,1,1
DockerProject-REACT-NODE-,correct,1.0000,1.0000,1,0,0,0,0,1,1,docker-compose.yml,1,1,1,1
DockerReactExpressNodeJS,correct,1.0000,1.0000,1,0,0,0,0,0,0,,0,0,1,0
DockerToDo,correct,1.0000,1.0000,1,0,0,0,0,1,1,App/docker-compose.yml,1,1,1,0
Dockerize-React-Node,correct,1.0000,1.0000,2,0,0,0,0,0,0,,0,0,1,0
Dockerized-NodeJS-MongoDB-ReactRedux-Sample-App,wrong,0.0000,1.0000,1,1,1,0,0,1,0,,0,0,0,0
EcstaticFly_Chatzy,correct,1.0000,1.0000,2,0,0,0,0,1,1,docker-compose.yaml,2,2,1,1
ExpressReactApp,correct,1.0000,1.0000,2,0,0,0,0,0,0,,0,0,1,1
FarmCart,correct,1.0000,1.0000,2,0,0,0,0,1,1,docker-compose.yml,2,0,1,1
FilmLocations,correct,1.0000,1.0000,1,0,0,0,0,1,1,docker-compose.yml,1,0,1,1
FranklyBreezy_mern-docker-compose,correct,1.0000,1.0000,2,0,0,0,0,1,1,docker-compose.yml,2,2,1,1
FresaClubWallet_landingpage,correct,1.0000,1.0000,2,0,0,0,0,1,1,docker-compose.yaml,0,0,1,0
Frnn4268_task-manager-docker,correct,1.0000,1.0000,2,0,0,0,0,1,1,docker-compose.yaml,2,2,1,0
GCP-MongoDB-React-NodeJS,correct,1.0000,1.0000,2,0,0,0,0,0,0,,0,0,1,1
Gayathrich28_MERN-docker-compose,correct,1.0000,1.0000,2,0,0,0,0,1,1,docker-compose.yaml,2,2,0,0
Govind07-max_mern-docker-compose,correct,1.0000,1.0000,2,0,0,0,0,1,1,docker-compose.yaml,2,2,0,0
Gr33nLight_fullstack_docker_compose,correct,1.0000,1.0000,2,0,0,0,0,1,1,docker-compose.yml,2,2,1,1
H11Maitree_MERN-Docker-Compose,correct,1.0000,1.0000,2,0,0,0,0,1,1,docker-compose.yml,2,1,1,1
Happy-TTS,correct,0.8000,1.0000,5,0,1,0,0,1,1,docker-compose.yml,1,0,1,0
HotPotatoC_mern-markdown-blog,correct,1.0000,1.0000,2,0,0,0,0,1,1,docker-compose.yml,2,1,1,0
IncridableAcuman_movie-time,correct,1.0000,1.0000,2,0,0,0,0,1,1,docker-compose.yaml,2,1,1,1
Inexpediency_mern-docker,correct,1.0000,1.0000,3,0,0,0,0,1,1,docker-compose.yml,2,0,2,2
JaganKaartik_Foodle,correct,1.0000,1.0000,2,0,0,0,0,1,0,,0,0,1,0
JaguarsCodehub_mern-docker-compose,correct,1.0000,1.0000,2,0,0,0,0,1,1,docker-compose.yml,2,2,1,0
Javi0894_MERN-Docker-Compose,correct,1.0000,1.0000,1,0,0,0,0,1,1,docker-compose.yml,1,1,1,1
JaydeepDebnath_mern-docker-compose,correct,1.0000,1.0000,2,0,0,0,0,1,1,docker-compose.yaml,2,2,0,0
Jayvirrathi_mern-docker,correct,1.0000,1.0000,2,0,0,0,0,1,0,,0,0,1,1
Karandeep9045_MERN-Docker-Compose,correct,1.0000,1.0000,2,0,0,0,0,1,1,docker-compose.yaml,2,2,0,0
Keerthan2006_mern-docker-compose,correct,1.0000,1.0000,0,0,0,0,0,0,0,,0,0,0,0
Ksc97_mern-docker-compose,correct,1.0000,1.0000,3,0,0,0,0,1,1,mern/docker-compose.yaml,2,1,2,0
KuShivam045_mern-docker-composer,correct,1.0000,1.0000,2,0,0,0,0,1,1,docker-compose.yaml,2,2,0,0
Learning-full-stack-javascript-development-mongodb-node-and-react,correct,1.0000,1.0000,1,0,0,0,0,0,0,,0,0,1,0
Lekhan2004_MERN-docker-compose,correct,1.0000,1.0000,2,0,0,0,0,1,1,docker-compose.yml,2,2,0,0
Luffy-021_MERN-docker-compose,correct,1.0000,1.0000,0,0,0,0,0,0,0,,0,0,0,0
MBSKR_Mern-Docker-compose,correct,1.0000,1.0000,2,0,0,0,0,1,1,docker-compose.yaml,2,2,0,0
MERN,correct,1.0000,1.0000,1,0,0,0,0,1,0,,0,0,1,0
MERN--Boilerplate,wrong,0.0000,1.0000,1,1,1,0,0,0,0,,0,0,0,0
MERN-Store,correct,1.0000,1.0000,2,0,0,0,0,1,1,docker-compose.yml,2,1,1,1
MERN-boilerplate,correct,1.0000,1.0000,1,0,0,0,0,0,0,,0,0,0,0
MERN_STACK_BOILERPLATE,correct,1.0000,1.0000,2,0,0,0,0,1,1,docker-compose.yml,2,1,1,1
MERN_shop,correct,1.0000,1.0000,2,0,0,0,0,1,1,docker-compose.yml,2,1,1,1
MGRN-Template,correct,1.0000,1.0000,1,0,0,0,0,1,1,docker-compose.yml,1,1,1,1
Maheshbharambe45_Mern-Docker-Compose,correct,1.0000,1.0000,2,0,0,0,0,1,1,docker-compose.yml,2,2,1,0
Manthan-kawath_Docker-compose-MERN,correct,1.0000,1.0000,2,0,0,0,0,1,1,docker-compose.yaml,2,2,0,0
Mayukh10_MERN-docker-compose,correct,1.0000,1.0000,2,0,0,0,0,1,1,docker-compose.yaml,2,2,0,0
MdShimulMahmud_goal-projects,correct,1.0000,1.0000,2,0,0,0,0,1,1,docker-compose.yaml,1,1,1,0
Meerasachp_MERN-docker-compose,correct,1.0000,1.0000,2,0,0,0,0,1,1,docker-compose.yaml,2,2,0,0
Megatron-XCoder_DASMedhub,correct,1.0000,1.0000,0,0,0,0,0,0,0,,0,0,0,0
Mernless,correct,1.0000,1.0000,1,0,0,0,0,1,1,docker/docker-compose.yml,0,0,0,0
Mihisara29_MERN-docker-compose,correct,1.0000,1.0000,2,0,0,0,0,1,1,docker-compose.yaml,2,2,0,0
MongoNodeReactBack,correct,1.0000,1.0000,1,0,0,0,0,0,0,,0,0,1,1
Mp886_MERN--Docker-Compose,correct,1.0000,1.0000,2,0,0,0,0,1,1,mern/docker-compose.yaml,2,2,0,0
MrAalu_LibraryManagementSystem_MERN-with-Book-Recommendation-Algorithm,correct,1.0000,1.0000,2,0,0,0,0,1,1,docker-compose.yml,2,2,1,0
Murtaza-khan01_MERN-Stack-Application-with-Docker-Compose,correct,1.0000,1.0000,2,0,0,0,0,1,1,docker-compose.yaml,2,2,1,0
NamanAg30_mern-docker-compose,correct,1.0000,1.0000,2,0,0,0,0,1,1,docker-compose.yaml,2,2,0,0
Narendhiran-B_Docker-Compose-MERN,correct,1.0000,1.0000,2,0,0,0,0,1,1,docker-compose.yaml,2,2,0,0
Nitin201_three-tire-MERN-stack-application-for-docker-compose,correct,1.0000,1.0000,2,0,0,0,0,1,1,docker-compose.yaml,2,2,0,0
Parvez-Shaik-6_Containarizatio-of-MERN3tier-Using-DockerCompose,correct,1.0000,1.0000,2,0,0,0,0,1,1,docker-compose.yml,2,2,0,0
Piterson25_Flybooker,correct,1.0000,1.0000,2,0,0,0,0,1,0,,0,0,1,1
PlacementCell,correct,1.0000,1.0000,2,0,0,0,0,1,1,docker-compose.yml,1,1,1,0
Pokemon-Full-Stack-Application,correct,1.0000,1.0000,2,0,0,0,0,1,1,docker-compose.yml,2,2,1,1
Prasanna-1010-AWS_Docker-Compose-Mern,correct,1.0000,1.0000,2,0,0,0,0,1,1,docker-compose.yaml,2,2,0,0
REALTIME-DASHBOARD-WEBSOCKET-TEST,mostly_correct,1.0000,1.0000,2,1,0,0,0,1,1,docker/docker-compose.yml,2,2,1,1
RYAN-REGO_Docker_app,correct,1.0000,1.0000,0,0,0,0,0,0,0,,0,0,0,0
RaY8118_Hospital_Management_System,correct,1.0000,1.0000,3,0,0,0,0,1,1,docker-compose.yml,3,0,1,1
Raduana-Khawla_MERN-docker-compose,correct,1.0000,1.0000,2,0,0,0,0,1,1,mern/docker-compose.yaml,2,2,0,0
RaunakK22UB_MERN-DevOps-Project-CI-CD-Cloud-Deployment,correct,1.0000,1.0000,2,0,0,0,0,1,1,devops-course/docker-compose.yml,2,2,1,1
React-Express,wrong,0.0000,1.0000,1,1,1,0,0,0,0,,0,0,0,0
React-Node-Nginx-Docker,correct,1.0000,1.0000,2,0,0,0,0,1,1,docker-compose.yml,0,0,0,0
React-Node-Typescript-Docker,mostly_correct,1.0000,0.5000,2,0,0,1,0,1,1,docker-compose.yml,0,0,1,0
ReactApp_with_ExpressJS,correct,1.0000,1.0000,2,0,0,0,0,0,0,,0,0,1,1
ReactMongoDocker,correct,1.0000,1.0000,2,0,0,0,0,1,0,,0,0,1,1
ReactNodeMongo,mostly_correct,0.5000,1.0000,2,0,1,0,0,0,0,,0,0,0,0
ReactNodeTesting-CICD-Docker,wrong,0.3333,1.0000,3,0,2,0,0,1,1,docker-compose.yml,0,0,1,1
React_Node_Postgre_Docker,wrong,0.0000,1.0000,2,4,2,0,4,1,1,task_app/docker-compose.yml,0,0,0,0
RenuRoshni_MERN-docker-compose,correct,1.0000,1.0000,2,0,0,0,0,1,1,docker-compose.yaml,2,2,0,0
RenukaGaidhane_mern-docker-compose,correct,1.0000,1.0000,0,0,0,0,0,0,0,,0,0,0,0
Rishabh2503_mern-docker-composer,correct,1.0000,1.0000,2,0,0,0,0,1,1,docker-compose.yaml,2,2,0,0
Robert-W_mern-kit,wrong,0.0000,1.0000,1,1,1,0,0,1,1,docker-compose.yml,0,0,0,0
RychkovIurii_boardgamecafe,correct,1.0000,1.0000,2,0,0,0,0,1,1,docker-compose.yml,1,0,1,0
Sahilkhan-17_mern-docker-compose,correct,1.0000,1.0000,2,0,0,0,0,1,1,docker-compose.yaml,2,2,0,0
Sahilvinchhi_MERN-App-Docker-Compose,correct,1.0000,1.0000,1,0,0,0,0,1,1,docker-compose.yml,1,1,1,1
SampathVinayak07_MERN-Docker-Compose,correct,1.0000,1.0000,2,0,0,0,0,1,1,docker-compose.yaml,2,2,0,0
Sareenh1_MERN-docker-compose,correct,1.0000,1.0000,2,0,0,0,0,1,1,docker-compose.yaml,2,2,0,0
SatyajitNayak-Exelixi_MERN-DOCKER-COMPOSE,correct,1.0000,1.0000,2,0,0,0,0,1,1,docker-compose.yaml,2,2,0,0
Saud215_mern-docker-compose,correct,1.0000,1.0000,2,0,0,0,0,1,1,docker-compose.yaml,2,1,1,1
SauveJeanLuc_vote-mern,correct,1.0000,1.0000,0,0,0,0,0,0,0,,0,0,0,0
Seans-ReactJS-NodeJS-MongoDB-Boilerplate,wrong,0.0000,1.0000,1,1,1,0,0,1,1,docker-compose.yml,0,0,0,0
Shahid0099_MERN-Stack-docker-compose,correct,1.0000,1.0000,1,0,0,0,0,1,1,docker-compose.yml,1,1,0,0
Shashanka-opsDev_MERN-docker-compose,correct,1.0000,1.0000,2,0,0,0,0,1,1,docker-compose.yaml,2,2,0,0
Shrikant-Kritikalhire_MERN-Docker-Compose,correct,1.0000,1.0000,2,0,0,0,0,1,1,docker-compose.yaml,2,2,0,0
Shrikanthpawar_MERN-Docker-Compose,correct,1.0000,1.0000,2,0,0,0,0,1,1,docker-compose.yaml,2,2,0,0
Shrutie55_Hospital_ManagementSys_Citycare,correct,1.0000,1.0000,3,0,0,0,0,1,1,docker-compose.yml,3,0,1,1
StoryTime,wrong,0.0000,1.0000,1,1,1,0,0,0,0,,0,0,0,0
SudiptaKumarBhowmick_MERN-docker-compose,correct,1.0000,1.0000,2,0,0,0,0,1,1,docker-compose.yaml,2,2,0,0
Surender0905_mern-docker-compose,correct,1.0000,1.0000,2,0,0,0,0,1,1,docker-compose.yaml,2,2,0,0
SweetDeals,correct,1.0000,1.0000,1,0,0,0,0,1,0,,0,0,1,0
SwrN06_MERN-docker-compose,correct,1.0000,1.0000,2,0,0,0,0,1,1,docker-compose.yml,2,2,0,0
SyLe-Van_MERN-docker-compose,correct,1.0000,1.0000,2,0,0,0,0,1,1,docker-compose.yaml,2,2,0,0
Task-Tracker,correct,1.0000,1.0000,1,0,0,0,0,1,1,docker-compose.yml,1,1,1,1
Taskly_,correct,1.0000,1.0000,2,0,0,0,0,1,1,backend/docker-compose.yml,1,1,1,0
Template-Vite_React-Node_Js-Express-Sequelize,correct,1.0000,1.0000,2,0,0,0,0,1,1,app/docker-compose.yml,2,2,0,0
TodoList-Relay,correct,1.0000,1.0000,1,0,0,0,0,1,1,docker-compose.yml,0,0,1,1
Toluwanee_MERN-docker-compose,correct,1.0000,1.0000,2,0,0,0,0,1,1,docker-compose.yaml,2,2,0,0
TomarShubhangi_MERN-docker-compose,correct,1.0000,1.0000,2,0,0,0,0,1,1,docker-compose.yaml,2,2,0,0
Tsampaio_Docker-compose-mern,correct,1.0000,1.0000,2,0,0,0,0,1,1,docker-compose.yaml,1,0,1,0
Universal-React-Redux-Node-Postgres-Portfolio,correct,1.0000,1.0000,1,0,0,0,0,1,0,,0,0,1,0
University_Thesis,mostly_correct,1.0000,1.0000,2,1,0,0,0,1,1,Apps Code/master/docker-compose.yml,1,1,2,0
Uwadon1_dockerize-a-mern-stack-app,correct,1.0000,1.0000,0,0,0,0,0,0,0,,0,0,0,0
VEER0402_mern-docker-compose,correct,1.0000,1.0000,2,0,0,0,0,1,1,docker-compose.yaml,2,2,0,0
VarunTej06_MERN-Docker-Compose,correct,1.0000,1.0000,2,0,0,0,0,1,1,docker-compose.yaml,2,2,0,0
WOS,mostly_correct,0.5000,1.0000,2,0,1,0,0,0,0,,0,0,0,0
ZUHAIRAHAMED3114_DockerComposeMern,correct,1.0000,1.0000,2,0,0,0,0,1,1,docker-compose.yml,2,2,1,1
abcofdevops_docker-compose-MERN-APP,correct,1.0000,1.0000,2,0,0,0,0,1,1,docker-compose.yaml,2,2,0,0
abdihakim-said_MERN-docker-compose,correct,1.0000,1.0000,2,0,0,0,0,1,1,docker-compose.yaml,2,2,0,0
ai-chatbot,correct,1.0000,1.0000,1,0,0,0,0,1,1,compose.yaml,1,0,1,0
aimablM_forever-store-deployment,correct,1.0000,1.0000,3,0,0,0,0,1,1,docker-compose.yml,2,1,1,1
alexanderley_mern-docker-compose,correct,1.0000,1.0000,2,0,0,0,0,1,1,docker-compose.yml,2,2,1,1
amco-f22_MERN-docker-compose,correct,1.0000,1.0000,2,0,0,0,0,1,1,docker-compose.yaml,2,2,0,0
app-react-node-ts-docker,correct,1.0000,1.0000,2,0,0,0,0,0,0,,0,0,1,0
aryakdube_MERN-Docker-Compose,correct,1.0000,1.0000,2,0,0,0,0,1,1,docker-compose.yaml,2,2,0,0
ask-node-react-docker,correct,1.0000,1.0000,2,0,0,0,0,1,0,,0,0,0,0
asmryz_docker-compose-MERN,correct,1.0000,1.0000,0,0,0,0,0,0,0,,0,0,0,0
aswin0318_MERN-docker-compose,correct,1.0000,1.0000,2,0,0,0,0,1,1,docker-compose.yaml,2,2,0,0
awais684_MERN-docker-compose,correct,1.0000,1.0000,2,0,0,0,0,1,1,docker-compose.yaml,2,2,0,0
awalker7312_mern-docker-boilerplate,correct,1.0000,1.0000,0,0,0,0,0,0,0,,0,0,0,0
ayanjyoti17_mern-docker-compose,correct,1.0000,1.0000,2,0,0,0,0,1,1,MERN-docker-compose/docker-compose.yaml,2,2,0,0
azure-react-node-docker-cicd,correct,1.0000,1.0000,2,0,0,0,0,1,1,server/docker-compose.yml,1,0,1,0
balavi7_MERN-Docker-Compose,correct,1.0000,1.0000,2,0,0,0,0,1,1,docker-compose.yaml,2,2,0,0
bezkoder_docker-mern-nginx,correct,1.0000,1.0000,2,0,0,0,0,1,1,docker-compose.yml,0,0,1,1
bill-splitter,correct,1.0000,1.0000,1,0,0,0,0,1,0,,0,0,1,1
bittush8789_MERN-docker-compose,correct,1.0000,1.0000,2,0,0,0,0,1,1,docker-compose.yaml,2,2,0,0
bjnandi_ci-cd-pipeline-MERN-docker-compose,correct,1.0000,1.0000,2,0,0,0,0,1,0,,0,0,1,0
bjnandi_containerize-full-stack-app-MERN-with-docker-compose,correct,1.0000,1.0000,2,0,0,0,0,1,1,docker-compose.yml,2,1,1,0
blackford,correct,1.0000,1.0000,1,0,0,0,0,1,1,Docker-compose.yml,1,1,1,1
book-review-app,correct,1.0000,1.0000,2,0,0,0,0,1,1,docker-compose.yml,0,0,1,0
calendar,correct,1.0000,1.0000,1,0,0,0,0,1,1,docker-compose.yml,1,1,1,1
chat-app,correct,1.0000,1.0000,2,0,0,0,0,1,1,docker-compose.yml,2,2,2,2
chathurperera_uptime-monitor,correct,1.0000,1.0000,2,0,0,0,0,1,1,docker-compose.yml,2,1,1,1
chc-gaming,correct,1.0000,1.0000,2,0,0,0,0,1,1,docker-compose.yml,1,1,2,2
chodisettivijay_MERN-docker-compose,correct,1.0000,1.0000,2,0,0,0,0,1,1,docker-compose.yaml,2,2,0,0
compose-node-generated,correct,1.0000,1.0000,1,0,0,0,0,1,1,docker-compose.yml,1,1,0,0
connect,mostly_correct,1.0000,1.0000,2,1,0,0,0,1,1,docker-compose.yml,1,1,1,1
crud-node-reactjs-mongo-docker,correct,1.0000,1.0000,2,0,0,0,0,1,1,docker-compose.yml,2,1,1,1
dankocher_mern-docker-compose,correct,1.0000,1.0000,0,0,0,0,0,0,0,,0,0,0,0
darshan-bs-2005_mern-docker-compose,correct,1.0000,1.0000,2,0,0,0,0,1,1,docker-compose.yaml,2,2,0,0
dead-simple-react-app,correct,1.0000,1.0000,1,0,0,0,0,1,1,docker-compose.yml,1,1,0,0
deepeshbarod80_MERN-docker-compose,correct,1.0000,1.0000,2,0,0,0,0,1,1,docker-compose.yaml,2,2,0,0
deploy-scripts,correct,1.0000,1.0000,4,0,0,0,0,1,1,projects/rails/template/environments/default/docker/docker-compose.yml,0,0,0,0
dheeraj-code1_mern-docker-compose,correct,1.0000,1.0000,0,0,0,0,0,0,0,,0,0,0,0
dhiyanahL_food-ordering-microservices,wrong,0.0000,1.0000,12,1,12,0,0,1,1,docker-compose.yaml,0,0,0,0
ding,correct,1.0000,1.0000,1,0,0,0,0,1,0,,0,0,1,1
divyagtm_items-app,correct,1.0000,1.0000,2,0,0,0,0,1,1,docker-compose.yml,2,2,1,1
docker-app-monolith,mostly_correct,1.0000,1.0000,2,1,0,0,0,1,1,docker-compose.yml,1,0,1,1
docker-compose-node-react,correct,1.0000,1.0000,2,0,0,0,0,1,1,docker-compose.yml,2,2,1,0
docker-node-express-react-webpack,correct,1.0000,1.0000,1,0,0,0,0,0,0,,0,0,1,1
docker-node-pg,mostly_correct,0.5000,0.0000,2,0,1,1,0,1,1,docker-compose.yml,1,1,0,0
docker-node-react-boilerplate,correct,1.0000,1.0000,1,0,0,0,0,1,1,docker-compose.yml,1,0,1,1
docker-node-react-demo-webapp,correct,1.0000,1.0000,1,0,0,0,0,0,0,,0,0,1,0
docker-node-react-mariadb-ts,mostly_correct,1.0000,1.0000,2,1,0,0,0,1,1,docker-compose.yml,1,0,1,1
docker-node-react-mongo,correct,1.0000,1.0000,1,0,0,0,0,1,1,docker-compose.yml,1,1,1,1
docker-node-react-produccion,correct,1.0000,1.0000,2,0,0,0,0,1,1,docker-compose.yml,2,1,1,1
docker-node-react-sass-boilerplate,correct,1.0000,1.0000,1,0,0,0,0,1,0,,0,0,1,1
docker-nodejs-react,correct,1.0000,1.0000,1,0,0,0,0,1,0,,0,0,1,1
docker-react-node,correct,1.0000,1.0000,2,0,0,0,0,1,1,docker-compose.yaml,2,2,1,1
docker-react-node-boilerplate,correct,1.0000,1.0000,2,0,0,0,0,1,1,docker-compose.yml,2,2,1,1
docker-react-node-scaffold,correct,1.0000,1.0000,2,0,0,0,0,1,1,docker-compose.yml,0,0,0,0
docker-reactbase,correct,1.0000,1.0000,1,0,0,0,0,1,1,docker-compose.yml,1,1,1,1
dockerNodeReact,correct,1.0000,1.0000,2,0,0,0,0,1,1,docker-compose.yml,2,2,1,1
docker_back_node_react,correct,1.0000,1.0000,1,0,0,0,0,1,1,docker-compose.yml,0,0,1,1
dockerised-react-express-api,correct,1.0000,1.0000,1,0,0,0,0,1,1,docker-compose.yml,1,0,0,0
dockerize-nodeJs-mongoDB-React-with-VSCode,correct,1.0000,1.0000,2,0,0,0,0,1,1,docker-compose.yml,2,2,1,0
dockerized-node-react,correct,1.0000,1.0000,1,0,0,0,0,1,1,docker-compose.yml,1,1,1,1
dockerized-razzle-nestjs-template,correct,1.0000,1.0000,2,0,0,0,0,1,1,docker-compose.yml,1,1,1,0
dogadore,correct,1.0000,1.0000,1,0,0,0,0,1,1,docker-compose.yml,1,1,1,0
dulaj03_MERN_Stack_Project,correct,1.0000,1.0000,5,0,0,0,0,1,1,docker-compose.yml,5,5,3,2
dushf12_MERN-docker-compose,correct,1.0000,1.0000,0,0,0,0,0,0,0,,0,0,0,0
duszmox_dockerized-mern-app,correct,1.0000,1.0000,0,0,0,0,0,0,0,,0,0,0,0
dylut2000_mern-docker-compose-template,correct,1.0000,1.0000,2,0,0,0,0,1,1,docker-compose.yml,2,2,1,1
dzmitry-viartseika_docker-mern-test,correct,1.0000,1.0000,3,0,0,0,0,1,1,docker-compose.yml,2,0,2,2
ecommerceProject,correct,1.0000,1.0000,2,0,0,0,0,1,1,docker-compose.yml,1,1,1,1
emreyeprem_mern-docker-compose,correct,1.0000,1.0000,2,0,0,0,0,1,0,,0,0,1,1
esteveslima_xswords,correct,1.0000,1.0000,4,0,0,0,0,1,1,deployments/docker-compose.yml,4,1,3,0
express-groomer-a-be,mostly_correct,0.5000,1.0000,2,0,1,0,0,1,0,,0,0,1,1
express-groomer-c-be,correct,1.0000,1.0000,1,0,0,0,0,1,0,,0,0,1,1
express-react-app,correct,1.0000,1.0000,2,0,0,0,0,0,0,,0,0,1,0
express-react-ts-auth,mostly_correct,0.5000,1.0000,2,1,1,0,0,1,1,docker-compose.yml,0,0,0,0
faizanabuzar_mern-web-app-containerization,correct,1.0000,1.0000,2,0,0,0,0,1,1,docker-compose.yml,2,1,0,0
fibonaccy,correct,1.0000,1.0000,2,0,0,0,0,1,1,docker-compose.yaml,2,2,1,1
filament-tracker,correct,1.0000,1.0000,1,0,0,0,0,0,0,,0,0,0,0
financial_tracker,correct,1.0000,1.0000,2,0,0,0,0,1,1,docker-compose.yml,0,0,1,0
fullstack-mern-ts,mostly_correct,1.0000,1.0000,2,1,0,0,0,1,1,docker-compose.yml,0,0,1,0
fullstack-react-node-docker-example,correct,1.0000,1.0000,2,0,0,0,0,1,1,docker-compose.yml,2,2,1,1
fullstackreacttemplate,correct,1.0000,1.0000,3,0,0,0,0,1,1,docker-compose.yml,2,1,2,1
gaabgonca_mern-docker,correct,1.0000,1.0000,2,0,0,0,0,1,1,docker-compose.yml,2,2,1,1
generator-create-express-react-app,wrong,0.0000,1.0000,1,1,1,0,0,0,0,,0,0,0,0
german,mostly_correct,0.5000,1.0000,2,1,1,0,0,1,1,docker-compose.yml,0,0,0,0
ghouse-shkh_mern-contact-app,correct,1.0000,1.0000,2,0,0,0,0,1,1,docker-compose.yml,2,1,1,1
gold-olar_taskie,correct,1.0000,1.0000,3,0,0,0,0,1,1,docker-compose.yaml,3,1,2,0
guardrails-challenge,correct,1.0000,1.0000,2,0,0,0,0,1,1,docker-compose.yml,2,2,1,1
hacksmiths-website,correct,1.0000,1.0000,1,0,0,0,0,1,0,,0,0,0,0
hemi93_docker-mern-example,correct,1.0000,1.0000,2,0,0,0,0,1,1,docker-compose.yml,2,1,1,1
him-b_Mern-stack-docker-compose,correct,1.0000,1.0000,2,0,0,0,0,1,1,docker-compose.yaml,2,2,0,0
humphreydev5_simple-mern-app,correct,1.0000,1.0000,2,0,0,0,0,1,1,docker-compose.yaml,1,1,0,0
hungdinhxuan_RentMeProject,correct,1.0000,1.0000,2,0,0,0,0,1,1,docker-compose.yml,2,0,1,0
iam-kvvardhan_Mern_docker_compose,correct,1.0000,1.0000,2,0,0,0,0,1,1,docker-compose.yaml,2,2,0,0
iam-muthulakshmy_Mern-Docker-Compose,correct,1.0000,1.0000,0,0,0,0,0,0,0,,0,0,0,0
iam-rajani_MERN-docker-compose,correct,1.0000,1.0000,2,0,0,0,0,1,1,docker-compose.yml,2,2,0,0
iam-veeramalla_MERN-docker-compose,correct,1.0000,1.0000,2,0,0,0,0,1,1,docker-compose.yaml,2,2,0,0
iam-yogeshreddy_Mern-Docker-compose,correct,1.0000,1.0000,2,0,0,0,0,1,1,MERN-docker-compose-compose/MERN-docker-compose-compose/docker-compose.yaml,2,2,0,0
iammadhukar177_MERN-docker-compose,correct,1.0000,1.0000,2,0,0,0,0,1,1,docker-compose.yaml,2,2,0,0
id6-express-react-example,correct,1.0000,1.0000,1,0,0,0,0,1,0,,0,0,0,0
imkiran13_MERN-Docker-Compose,correct,1.0000,1.0000,2,0,0,0,0,1,1,docker-compose.yaml,2,2,0,0
imkirti-jpg_docker-compose-MERN,correct,1.0000,1.0000,2,0,0,0,0,1,1,docker-compose.yaml,2,2,0,0
iot,wrong,1.0000,1.0000,4,2,0,0,0,1,0,,0,0,0,0
isayakmondal_director-dashboard,correct,1.0000,1.0000,2,0,0,0,0,1,0,,0,0,1,1
ismailza_mern-stack-app,correct,1.0000,1.0000,2,0,0,0,0,1,1,docker-compose.yml,2,2,1,1
isomorphic-web-app,correct,1.0000,1.0000,1,0,0,0,0,1,1,docker-compose.yml,1,1,1,0
itp-project-happy-tails,correct,1.0000,1.0000,2,0,0,0,0,1,1,Implementation/docker-compose.yml,2,1,0,0
j-jebenston_MERN-docker-compose,correct,1.0000,1.0000,0,0,0,0,0,0,0,,0,0,0,0
javascript-fullstack,correct,1.0000,1.0000,2,0,0,0,0,0,0,,0,0,1,1
jayjagadishb_MERN-Docker_Compose,correct,1.0000,1.0000,2,0,0,0,0,1,1,docker-compose.yaml,2,2,0,0
jpraveen97_Docker-Compose-MERN,correct,1.0000,1.0000,2,0,0,0,0,1,1,docker-compose.yaml,2,2,0,0
js-e2e-express-mongodb,correct,1.0000,1.0000,1,0,0,0,0,1,1,.devcontainer/docker-compose.yml,0,0,1,1
js-e2e-express-react-mongodb,correct,1.0000,1.0000,3,0,0,0,0,1,1,example.devcontainer/docker-compose.yml,0,0,1,1
juanportal,correct,1.0000,1.0000,3,0,0,0,0,1,1,docker-compose.yml,0,0,0,0
kadamnagesh2002-sudo_MERN-docker-compose,correct,1.0000,1.0000,0,0,0,0,0,0,0,,0,0,0,0
kaviara-14_Dockerize-a-Three-Tier-MERN-Stack-Application,correct,1.0000,1.0000,0,0,0,0,0,0,0,,0,0,0,0
khachornchit_MERN-Stack.js,correct,1.0000,1.0000,2,0,0,0,0,1,1,docker-compose.yml,2,1,1,0
kritika-kanwar1_MERN-docker-compose,correct,1.0000,1.0000,0,0,0,0,0,0,0,,0,0,0,0
kshyam-kumar_DockerCompose-MERN,correct,1.0000,1.0000,2,0,0,0,0,1,1,docker-compose.yml,2,2,1,1
kv-gokul-07_MERN-DOCKER-COMPOSE,correct,1.0000,1.0000,0,0,0,0,0,0,0,,0,0,0,0
leju-b_MERN-Docker-Compose,correct,1.0000,1.0000,2,0,0,0,0,1,1,docker-compose.yml,2,2,0,0
lijoxavier_MERN-Docker-Compose,correct,1.0000,1.0000,2,0,0,0,0,1,1,mern/docker-compose.yaml,2,2,0,0
littlelink-server,correct,1.0000,1.0000,1,0,0,0,0,1,1,docker-compose.yml,1,1,1,0
lmas3009_Dockerized-MERN-Stack,correct,1.0000,1.0000,2,0,0,0,0,1,1,docker-compose.yml,2,2,1,1
loke815_MERN-docker-compose,correct,1.0000,1.0000,0,0,0,0,0,0,0,,0,0,0,0
lthompsonINTL_MERN-docker-compose,correct,1.0000,1.0000,4,0,0,0,0,1,1,docker-compose.yaml,2,2,2,0
madlibs_against_humanity,correct,1.0000,1.0000,2,0,0,0,0,0,0,,0,0,1,1
maharshi97_MERN-docker-compose,correct,1.0000,1.0000,2,0,0,0,0,1,1,docker-compose.yaml,2,2,0,0
mallidevops1_mern-docker-compose,correct,1.0000,1.0000,2,0,0,0,0,1,1,docker-compose.yml,1,1,1,1
mba-fullstack-rocketseat,correct,1.0000,1.0000,9,0,0,0,0,1,0,,0,0,1,0
mdarif_project-management,correct,1.0000,1.0000,4,0,0,0,0,1,1,docker-compose.yml,2,2,2,2
mern-crud,correct,1.0000,1.0000,2,0,0,0,0,1,1,docker-compose.yml,2,2,1,1
mern-docker-aws,correct,1.0000,1.0000,2,0,0,0,0,1,1,docker-compose.yml,2,2,1,0
mern-ecommerce,correct,1.0000,1.0000,2,0,0,0,0,0,0,,0,0,1,1
mern-ecommerce-930,correct,1.0000,1.0000,2,0,0,0,0,0,0,,0,0,1,1
mern-example,correct,1.0000,1.0000,1,0,0,0,0,1,1,docker-compose.yml,1,0,0,0
mern-io-heroku,correct,1.0000,1.0000,1,0,0,0,0,1,0,,0,0,1,1
mern-starter,correct,1.0000,1.0000,1,0,0,0,0,1,1,docker-compose.yml,1,1,1,1
mernstack,correct,1.0000,1.0000,2,0,0,0,0,0,0,,0,0,1,1
mightomi_content-microservice,correct,1.0000,1.0000,4,0,0,0,0,1,1,docker-compose.yml,4,4,3,1
mini-task-manager,correct,1.0000,1.0000,2,0,0,0,0,1,1,docker-compose.yml,2,1,1,1
mishrlaksh_MERN-docker-compose,correct,1.0000,1.0000,2,0,0,0,0,1,1,docker-compose.yaml,2,2,0,0
mnnkhndlwl_mern_youtube_clone,correct,1.0000,1.0000,2,0,0,0,0,1,1,docker-compose.yml,2,1,1,1
mohangopi08_MERN-Docker-Compose,correct,1.0000,1.0000,2,0,0,0,0,1,1,docker-compose.yaml,2,2,0,0
mohankumaronly_Authentication_using_MERN,correct,1.0000,1.0000,2,0,0,0,0,1,1,docker-compose.yml,2,1,1,1
mohdazeem3_Multi-tier-mern-stack-project-using-docker-compose,correct,1.0000,1.0000,2,0,0,0,0,1,1,docker-compose.yaml,2,2,0,0
mono-package-project,correct,1.0000,1.0000,1,0,0,0,0,1,1,docker-compose.yml,1,1,1,1
moonpatel_ChessHub,correct,1.0000,1.0000,2,0,0,0,0,1,1,docker-compose.yml,2,2,1,1
mrmonarch20_MERN-Docker-compose,correct,1.0000,1.0000,0,0,0,0,0,0,0,,0,0,0,0
namitagrawal2001_MERN-docker-compose,correct,1.0000,1.0000,2,0,0,0,0,1,1,docker-compose.yaml,2,2,0,0
neon-local-example-react-express-application,correct,1.0000,1.0000,1,0,0,0,0,1,1,docker-compose.yml,0,0,1,1
nerrd-stack,correct,1.0000,1.0000,1,0,0,0,0,0,0,,0,0,1,0
nguyenchanh0201_ecommerce_mern_microservices,correct,1.0000,1.0000,6,0,0,0,0,1,1,docker-compose.yml,6,6,4,3
nicksands1_mern-docker-compose,correct,1.0000,1.0000,2,0,0,0,0,1,0,,0,0,1,1
nirmal-bandari_MERN-docker-compose,correct,1.0000,1.0000,2,0,0,0,0,1,1,MERN-Docker-Compose/iam-veeramalla-MERN-docker-compose-a1dde1f/docker-compose.yaml,2,2,0,0
njwest_MERN-Docker-ExRates,correct,1.0000,1.0000,2,0,0,0,0,1,1,docker-compose.yml,2,2,1,0
node-boiler,correct,1.0000,1.0000,1,0,0,0,0,1,1,docker/docker-compose.yml,0,0,0,0
node-elassandra-demo,correct,1.0000,1.0000,1,0,0,0,0,1,0,,0,0,0,0
node-express-react-space-api,mostly_correct,1.0000,1.0000,2,1,0,0,0,0,0,,0,0,1,1
node-frontend,correct,1.0000,1.0000,1,0,0,0,0,0,0,,0,0,1,1
node-js-docker,correct,1.0000,1.0000,1,0,0,0,0,1,1,docker-compose.yml,1,0,1,1
node-mongo-docker-boilerplate,correct,1.0000,1.0000,1,0,0,0,0,1,1,docker-compose.yml,1,1,1,1
node-mongo-react-micro,correct,1.0000,1.0000,4,0,0,0,0,1,1,docker-compose.yml,4,4,4,4
node-react,correct,1.0000,1.0000,2,0,0,0,0,0,0,,0,0,1,1
node-react-docker,correct,1.0000,1.0000,2,0,0,0,0,1,1,docker-compose.yml,2,2,1,1
node-react-docker-boilerplate,correct,1.0000,1.0000,2,0,0,0,0,1,1,docker-compose.yml,2,0,1,0
node-react-docker-compose,correct,1.0000,1.0000,2,0,0,0,0,1,1,docker-compose.yml,2,2,1,1
node-react-docker-hello-world,correct,1.0000,1.0000,3,0,0,0,0,1,1,docker-compose.yml,2,1,2,1
node-react-docker-simple,correct,1.0000,1.0000,2,0,0,0,0,1,1,docker-compose.yml,2,2,1,1
node-react-docker-template,correct,1.0000,1.0000,1,0,0,0,0,0,0,,0,0,1,1
node-react-mongo-auth,correct,1.0000,1.0000,2,0,0,0,0,1,1,api-server/docker-compose.yml,1,0,1,1
node-react-webpack-docker-starterkit,correct,1.0000,1.0000,1,0,0,0,0,0,0,,0,0,0,0
node9000,correct,1.0000,1.0000,1,0,0,0,0,0,0,,0,0,1,1
nodeReactDocker,correct,1.0000,1.0000,2,0,0,0,0,0,0,,0,0,0,0
nodejs-react-webpack-docker-starter,correct,1.0000,1.0000,2,0,0,0,0,1,1,docker-compose.yml,2,1,1,0
nourmaatouk_mern-app,correct,1.0000,1.0000,2,0,0,0,0,1,1,docker-compose.yml,2,2,1,1
oayoade_MERN-docker-compose,correct,1.0000,1.0000,2,0,0,0,0,1,1,mern/docker-compose.yml,2,2,0,0
omm_playground,correct,1.0000,1.0000,2,0,0,0,0,1,1,docker-compose.yml,2,2,1,0
oovg-react-port,correct,1.0000,1.0000,1,0,0,0,0,0,0,,0,0,1,1
parammohith_docker-compose-mern,correct,1.0000,1.0000,2,0,0,0,0,1,1,docker-compose.yaml,2,2,0,0
pmihsan_CSAU-Mern-Stack-Instagram,correct,1.0000,1.0000,2,0,0,0,0,1,1,docker-compose.yaml,2,1,1,1
pradipmengal_Mern-Docker-compose,correct,1.0000,1.0000,0,0,0,0,0,0,0,,0,0,0,0
prashant169_DevOps,wrong,0.0000,1.0000,4,2,4,0,4,1,1,DockerCompose-Project/docker-compose.yml,0,0,0,0
prathameshsb_book-store,correct,1.0000,1.0000,0,0,0,0,0,0,0,,0,0,0,0
praveenmethraskar_invoice-application,mostly_correct,1.0000,1.0000,2,1,0,0,0,1,1,docker-compose.yml,0,0,1,0
ptavaressilva_MERN_app_CI-CD_pipeline,correct,1.0000,1.0000,0,0,0,0,0,0,0,,0,0,0,0
questions-and-answers,correct,1.0000,1.0000,1,0,0,0,0,1,1,docker-compose.yml,1,1,1,1
rachrev_Mern-docker-compose,correct,1.0000,1.0000,2,0,0,0,0,1,1,docker-compose.yaml,2,2,0,0
rd-code-23_todo-list-fullstack,correct,1.0000,1.0000,2,0,0,0,0,1,1,docker-compose.yaml,2,1,1,1
react-admin,correct,1.0000,1.0000,1,0,0,0,0,1,0,,0,0,1,1
react-and-node-express-on-docker,correct,1.0000,1.0000,2,0,0,0,0,1,1,docker-compose.yml,2,2,1,1
react-app-express,correct,1.0000,1.0000,2,0,0,0,0,0,0,,0,0,1,0
react-django-task-app,mostly_correct,1.0000,1.0000,2,1,0,0,0,1,1,docker-compose.yaml,1,0,1,0
react-express-app,correct,1.0000,1.0000,2,0,0,0,0,0,0,,0,0,1,1
react-express-docker,correct,1.0000,1.0000,2,0,0,0,0,1,1,docker-compose.yml,2,2,1,1
react-express-docker-skeleton,correct,1.0000,1.0000,2,0,0,0,0,1,1,docker-compose.yml,2,1,1,1
react-express-docker-starter,correct,1.0000,1.0000,2,0,0,0,0,1,1,docker-compose.yml,1,0,1,0
react-express-project,correct,1.0000,1.0000,2,0,0,0,0,1,1,docker-compose.yml,2,1,1,1
react-fastapi-task-app,mostly_correct,1.0000,1.0000,1,1,0,0,0,1,1,docker-compose.yaml,1,0,1,0
react-hooks-uikit-express-oauth-boiler-v2,correct,1.0000,1.0000,1,0,0,0,0,1,1,docker-compose.yml,1,0,1,0
react-js-node-js-mongodb,correct,1.0000,1.0000,2,0,0,0,0,1,1,docker-compose.yml,1,1,1,1
react-mern-app,correct,1.0000,1.0000,1,0,0,0,0,1,1,docker-compose.yml,1,0,1,0
react-node-Dockerfile,correct,1.0000,1.0000,1,0,0,0,0,0,0,,0,0,1,1
react-node-docker,correct,1.0000,1.0000,2,0,0,0,0,1,1,docker-compose.yml,2,2,1,1
react-node-docker-application-serverless,correct,1.0000,1.0000,4,0,0,0,0,0,0,,0,0,3,3
react-node-docker-compose,correct,1.0000,1.0000,2,0,0,0,0,1,1,docker-compose.yml,2,2,1,1
react-node-docker-postgres,correct,1.0000,1.0000,1,0,0,0,0,1,1,docker-compose.yml,1,1,1,0
react-node-mongo-in-docker,correct,1.0000,1.0000,2,0,0,0,0,1,1,docker-compose.yml,0,0,1,1
react-node-mysql-docker-boilerplate,correct,1.0000,1.0000,2,0,0,0,0,1,1,docker-compose.yml,2,1,1,1
react-node-mysql-docker-template,correct,1.0000,1.0000,2,0,0,0,0,1,1,docker-compose.yml,0,0,2,2
react-node-webpack,correct,1.0000,1.0000,1,0,0,0,0,0,0,,0,0,1,1
react-nodejs-docker,correct,1.0000,1.0000,2,0,0,0,0,0,0,,0,0,1,0
react-nodejs-docker-compose,correct,1.0000,1.0000,2,0,0,0,0,1,1,docker-compose.yml,2,1,1,0
react-nodes-docker,correct,1.0000,1.0000,2,0,0,0,0,0,0,,0,0,1,0
react-redux-node-todos,correct,1.0000,1.0000,2,0,0,0,0,1,0,,0,0,2,1
react-springboot-java-task-app,mostly_correct,1.0000,1.0000,1,1,0,0,0,1,1,docker-compose.yaml,1,0,1,0
react-springboot-kotlin-task-app,correct,1.0000,1.0000,1,0,0,0,0,1,1,docker-compose.yaml,1,0,1,0
react-ssr-seo-app,correct,1.0000,1.0000,1,0,0,0,0,0,0,,0,0,1,1
react-tachyons-node6-docker-image,correct,1.0000,1.0000,1,0,0,0,0,0,0,,0,0,0,0
react-task-app,correct,1.0000,1.0000,1,0,0,0,0,1,1,docker-compose.yaml,1,0,1,0
react_node_docker,correct,1.0000,1.0000,2,0,0,0,0,1,1,docker-compose.yaml,2,2,1,1
react_node_mysql_docker,correct,1.0000,1.0000,2,0,0,0,0,1,1,docker-compose.yml,2,2,1,1
reactjs_nodejs_ts_docker,mostly_correct,1.0000,0.5000,2,0,0,1,0,1,1,docker-compose.yml,0,0,1,0
reactor-api,correct,1.0000,1.0000,1,0,0,0,0,1,1,docker-compose.yml,1,0,1,1
redact,correct,1.0000,1.0000,1,0,0,0,0,1,0,,0,0,1,1
retmod,correct,1.0000,1.0000,2,0,0,0,0,0,0,,0,0,1,0
riachaudhari_mern-docker-compose,correct,1.0000,1.0000,2,0,0,0,0,1,1,docker-compose.yaml,2,2,0,0
ridaelbardai_MERN-DockerCompose,correct,1.0000,1.0000,2,0,0,0,0,1,1,docker-compose.yaml,2,2,1,0
ritwikrick_MERN-docker-compose,correct,1.0000,1.0000,2,0,0,0,0,1,1,docker-compose.yaml,2,2,0,0
rohith200_MERN-docker-compose,correct,1.0000,1.0000,2,0,0,0,0,1,1,docker-compose.yaml,2,2,0,0
rpsls-game,mostly_correct,0.5000,1.0000,2,1,1,0,0,1,1,docker-compose.yml,1,1,0,0
rssenal,correct,1.0000,1.0000,1,0,0,0,0,1,0,,0,0,1,0
rudrojuu_mern-docker-compose,correct,1.0000,1.0000,2,0,0,0,0,1,1,docker-compose.yaml,2,2,0,0
sabat-12067_sabat-mern-docker-nginx,correct,1.0000,1.0000,2,0,0,0,0,1,1,docker-compose.yml,0,0,1,1
sabat-12067_sabat-mern-docker-nginx-2,correct,1.0000,1.0000,2,0,0,0,0,1,1,docker-compose.yml,0,0,1,1
sabil,correct,1.0000,1.0000,3,0,0,0,0,1,1,docker-compose.yml,2,1,1,0
sabzo_NodeAPI,correct,1.0000,1.0000,1,0,0,0,0,1,1,docker-compose.yml,1,1,1,1
saga-birla_MERN-docker-compose,correct,1.0000,1.0000,2,0,0,0,0,1,1,docker-compose.yaml,2,2,0,0
sampleDockerNode,wrong,0.0000,1.0000,2,1,2,0,0,1,1,docker-compose.yml,0,0,0,0
sergioAD97_mern_mysql_contenedor,correct,1.0000,1.0000,2,0,0,0,0,1,1,docker-compose.yml,2,1,1,1
shantodeveloperhero_Mern-docker-compose,correct,1.0000,1.0000,2,0,0,0,0,1,1,docker-compose.yaml,2,2,0,0
shashiarjunnk_MERN-docker-compose,correct,1.0000,1.0000,2,0,0,0,0,1,1,docker-compose.yaml,2,2,0,0
shivangi792004_MERN-docker-compose,correct,1.0000,1.0000,2,0,0,0,0,1,1,docker-compose.yaml,2,2,0,0
shop-ecommerce.mern-project,correct,1.0000,1.0000,2,0,0,0,0,1,1,docker-compose.yml,2,1,1,1
shopify-app-examples,wrong,0.3333,1.0000,3,1,2,0,0,0,0,,0,0,0,0
shubham00k_MERN-Docker-Compose-,correct,1.0000,1.0000,2,0,0,0,0,1,1,docker-compose.yaml,2,2,0,0
shubhmh_MERN-Docker-compose,correct,1.0000,1.0000,2,0,0,0,0,1,1,mern/docker-compose.yaml,2,2,0,0
sidpalas_mern-docker-compose,correct,1.0000,1.0000,2,0,0,0,0,1,0,,0,0,1,1
simmi0707_Mernstack-Docker-compose,correct,1.0000,1.0000,2,0,0,0,0,1,1,docker-compose.yaml,2,2,0,0
simply-ssr,correct,1.0000,1.0000,1,0,0,0,0,1,1,docker-compose.yml,1,0,0,0
smitpatel1234_MERN-docker-compose,correct,1.0000,1.0000,0,0,0,0,0,0,0,,0,0,0,0
social-network-starter-kit,correct,1.0000,1.0000,2,0,0,0,0,1,1,docker-compose.yml,1,0,1,0
social-pulse,correct,1.0000,1.0000,1,0,0,0,0,1,0,,0,0,1,1
spa-starter-kit,correct,1.0000,1.0000,1,0,0,0,0,1,0,,0,0,1,1
sreekanth1619_mern-docker-compose,correct,1.0000,1.0000,2,0,0,0,0,1,1,docker-compose.yaml,2,2,0,0
ssr-app,correct,1.0000,1.0000,1,0,0,0,0,1,1,docker-compose.yml,1,1,1,1
ssr-ts-node-react-docker,correct,1.0000,1.0000,1,0,0,0,0,0,0,,0,0,1,0
sssssqew_MERN-Project,correct,1.0000,1.0000,2,0,0,0,0,1,1,docker-compose.yml,0,0,1,1
steve2030_Mern-docker-compose,correct,1.0000,1.0000,2,0,0,0,0,1,1,docker-compose.yaml,2,2,0,0
subinchaliyath_MERN_Docker_GitHub-Actions,correct,1.0000,1.0000,2,0,0,0,0,1,1,docker-compose.yml,2,2,1,0
suffiyan13_MERN-Docker-Compose,correct,1.0000,1.0000,2,0,0,0,0,1,1,docker-compose.yaml,2,2,0,0
suguslove10_MERN-docker-compose,correct,1.0000,1.0000,2,0,0,0,0,1,1,docker-compose.yaml,2,2,0,0
sujaykundu777_mern-docker,correct,1.0000,1.0000,2,0,0,0,0,1,1,docker-compose.yml,2,2,1,0
sumankarki9_mern-docker-compose,correct,1.0000,1.0000,2,0,0,0,0,1,1,docker-compose.yml,2,2,1,0
sumonaust_docker-compose-mern,correct,1.0000,1.0000,0,0,0,0,0,0,0,,0,0,0,0
sunigup_MERN-docker-compose,correct,1.0000,1.0000,2,0,0,0,0,1,1,docker-compose.yaml,2,2,0,0
surendarm2209_MernDockerCompose,correct,1.0000,1.0000,2,0,0,0,0,1,1,docker-compose.yaml,2,2,0,0
syuChen1_Shoppingfy-MERN,correct,1.0000,1.0000,2,0,0,0,0,1,1,docker-compose.yml,0,0,1,1
t-ho_mern-stack,mostly_correct,1.0000,1.0000,3,1,0,0,0,1,1,docker-compose.yml,0,0,1,1
taofeeklanre_MERN-docker-compose,correct,1.0000,1.0000,2,0,0,0,0,1,1,docker-compose.yaml,2,2,0,0
tech-interview-tcit,correct,1.0000,1.0000,2,0,0,0,0,1,0,,0,0,1,1
thejagithub_MERN-Docker-Compose,correct,1.0000,1.0000,2,0,0,0,0,1,1,docker-compose.yaml,2,2,0,0
tiwaribytez_MERN-docker-compose,correct,1.0000,1.0000,0,0,0,0,0,0,0,,0,0,0,0
todo-app,correct,1.0000,1.0000,2,0,0,0,0,1,1,docker-compose.yml,2,2,1,1
trello-app,correct,1.0000,1.0000,1,0,0,0,0,1,1,docker-compose.yml,1,1,1,1
ui369server,correct,1.0000,1.0000,1,0,0,0,0,1,0,,0,0,1,0
utkarsh0p_e_commerce,correct,1.0000,1.0000,2,0,0,0,0,1,1,docker-compose.yml,2,1,1,1
vite-express-turborepo-docker-boilerplate,correct,1.0000,1.0000,2,0,0,0,0,1,1,docker-compose.yml,0,0,0,0
vite-react-express-docker,correct,1.0000,1.0000,1,0,0,0,0,1,1,docker-compose.yml,1,1,1,1
vite-react-express-docker-bpcopy,correct,1.0000,1.0000,1,0,0,0,0,1,1,docker-compose.yml,1,1,1,1
vite-ts-react-ssr-express-docker,mostly_correct,0.5000,1.0000,2,1,1,0,0,1,0,,0,0,0,0
vite-vanilla-poc,correct,1.0000,1.0000,1,0,0,0,0,0,0,,0,0,1,0
vite02,correct,1.0000,1.0000,3,0,0,0,0,0,0,,0,0,1,1
vivekamin_docker-react-express,correct,1.0000,1.0000,2,0,0,0,0,1,1,docker-compose.yml,2,2,1,1
vue3-vite-express-js-boilerplate,correct,1.0000,1.0000,1,0,0,0,0,1,1,docker-compose.yml,1,1,1,0
weaponsforge_todo-next,correct,1.0000,1.0000,0,0,0,0,0,0,0,,0,0,0,0
weatherapp,correct,1.0000,1.0000,1,0,0,0,0,1,1,docker/docker-compose.yml,1,1,1,1
web-app-template,correct,1.0000,1.0000,1,0,0,0,0,1,1,docker-compose.yaml,0,0,1,0
whalephant,mostly_correct,1.0000,1.0000,1,1,0,0,0,1,1,templates/docker-compose.yml,0,0,1,0
wharley_docker-money,correct,1.0000,1.0000,2,0,0,0,0,1,1,docker-compose.yml,2,1,1,1
woobie-the-pond_docker-compose-mern,correct,1.0000,1.0000,2,0,0,0,0,1,0,,0,0,1,1
xk-app,correct,1.0000,1.0000,1,0,0,0,0,1,1,docker-compose.yml,1,1,1,0
xlvg-arjun_-MATRIX-MERN,correct,1.0000,1.0000,2,0,0,0,0,1,1,docker-compose.yml,0,0,0,0
yasheela-alla_MERN-Docker-compose,correct,1.0000,1.0000,2,0,0,0,0,1,1,MERN-docker-compose/docker-compose.yaml,2,2,0,0
yosh-avd_mern-docker-compose,correct,1.0000,1.0000,2,0,0,0,0,1,1,docker-compose.yaml,2,2,0,0
